epoch,loss,val_acc,lr
1,0.173051,0.766204,0.001789
2,0.153688,0.779995,0.001578
3,0.149842,0.781280,0.001367
4,0.149044,0.782329,0.001156
5,0.148542,0.782515,0.000944
6,0.148157,0.782908,0.000733
7,0.147804,0.783165,0.000522
8,0.147442,0.783440,0.000311
9,0.148058,0.783913,0.000100
10,0.148720,0.783341,0.002000
11,0.147864,0.783926,0.001789
12,0.147361,0.784488,0.001578
13,0.146975,0.785057,0.001367
14,0.146655,0.785397,0.001156
15,0.146350,0.785557,0.000944
16,0.146080,0.785551,0.000733
17,0.145822,0.785713,0.000522
18,0.145568,0.785877,0.000311
19,0.145325,0.785775,0.000100
20,0.146605,0.785128,0.002000
21,0.146400,0.785204,0.001789
22,0.146187,0.785343,0.001578
23,0.145955,0.785226,0.001367
24,0.145721,0.785477,0.001156
25,0.145489,0.785456,0.000944
26,0.145235,0.785318,0.000733
27,0.144988,0.785602,0.000522
28,0.144733,0.785541,0.000311
29,0.144485,0.785484,0.000100
30,0.145844,0.785203,0.002000
31,0.145725,0.785305,0.001789
32,0.145530,0.785357,0.001578
33,0.145323,0.785565,0.001367
34,0.145100,0.785309,0.001156
35,0.144849,0.785415,0.000944
36,0.144597,0.785265,0.000733
37,0.144336,0.785211,0.000522
38,0.144076,0.785064,0.000311
39,0.143816,0.785052,0.000100
40,0.145294,0.784676,0.002000
41,0.145220,0.785210,0.001789
42,0.145032,0.784996,0.001578
43,0.144810,0.785045,0.001367
44,0.144581,0.784778,0.001156
45,0.144332,0.784442,0.000944
46,0.146817,0.786975,0.000733
47,0.146263,0.786988,0.000522
48,0.145989,0.787160,0.000311
49,0.145780,0.787259,0.000100
50,0.146526,0.786775,0.002000
51,0.146231,0.786708,0.001789
52,0.146006,0.786942,0.001578
53,0.145790,0.787104,0.001367
54,0.145591,0.787072,0.001156
55,0.145394,0.786994,0.000944
56,0.145195,0.786992,0.000733
57,0.144997,0.787223,0.000522
58,0.144814,0.787152,0.000311
59,0.144628,0.787167,0.000100
60,0.145627,0.786484,0.002000
61,0.145522,0.786783,0.001789
62,0.145343,0.786605,0.001578
63,0.145167,0.786841,0.001367
64,0.144972,0.786597,0.001156
65,0.144762,0.786684,0.000944
66,0.144557,0.786529,0.000733
67,0.144354,0.786577,0.000522
68,0.144142,0.786714,0.000311
69,0.143934,0.786651,0.000100
70,0.145117,0.786262,0.002000
71,0.145033,0.786267,0.001789
72,0.144869,0.786359,0.001578
73,0.144677,0.786457,0.001367
74,0.144480,0.786314,0.001156
75,0.144270,0.786230,0.000944
76,0.144048,0.786249,0.000733
77,0.143827,0.786054,0.000522
78,0.143603,0.786045,0.000311
79,0.143381,0.786083,0.000100
80,0.144702,0.785843,0.002000
81,0.144637,0.785768,0.001789
82,0.144482,0.786007,0.001578
83,0.144286,0.785971,0.001367
84,0.144084,0.785831,0.001156
85,0.143852,0.785881,0.000944
86,0.143629,0.785607,0.000733
87,0.143399,0.785412,0.000522
88,0.143158,0.785367,0.000311
89,0.142928,0.785333,0.000100
90,0.144373,0.785792,0.002000
91,0.144315,0.785457,0.001789
92,0.144160,0.785467,0.001578
93,0.143964,0.785358,0.001367
94,0.143741,0.785276,0.001156
95,0.143519,0.785005,0.000944
96,0.143279,0.785018,0.000733
97,0.143042,0.784770,0.000522
98,0.147109,0.786971,0.000311
99,0.146532,0.787251,0.000100
100,0.146718,0.787300,0.002000
101,0.146284,0.787404,0.001789
102,0.146039,0.787756,0.001578
103,0.145829,0.787381,0.001367
104,0.145637,0.787831,0.001156
105,0.145456,0.787644,0.000944
106,0.145284,0.787546,0.000733
107,0.145117,0.787520,0.000522
108,0.144961,0.787572,0.000311
109,0.144809,0.787557,0.000100
110,0.145621,0.787258,0.002000
111,0.145501,0.787549,0.001789
112,0.145341,0.787312,0.001578
113,0.145174,0.787308,0.001367
114,0.145002,0.787341,0.001156
115,0.144822,0.787286,0.000944
116,0.144646,0.787105,0.000733
117,0.144468,0.787312,0.000522
118,0.144293,0.787178,0.000311
119,0.144127,0.787157,0.000100
120,0.145098,0.786910,0.002000
121,0.145017,0.786978,0.001789
122,0.144867,0.787100,0.001578
123,0.144702,0.786935,0.001367
124,0.144511,0.786606,0.001156
125,0.144328,0.786640,0.000944
126,0.144141,0.786726,0.000733
127,0.143945,0.786608,0.000522
128,0.143757,0.786545,0.000311
129,0.146749,0.787415,0.000100
130,0.146499,0.787384,0.002000
131,0.146036,0.787635,0.001789
132,0.145811,0.787685,0.001578
133,0.145610,0.787909,0.001367
134,0.145433,0.788005,0.001156
135,0.145265,0.788199,0.000944
136,0.145107,0.788136,0.000733
137,0.144950,0.788131,0.000522
138,0.144808,0.788011,0.000311
139,0.144672,0.788098,0.000100
140,0.145406,0.787566,0.002000
141,0.145296,0.787758,0.001789
142,0.145149,0.787593,0.001578
143,0.144989,0.787650,0.001367
144,0.144828,0.787856,0.001156
145,0.144656,0.787849,0.000944
146,0.144496,0.787456,0.000733
147,0.144333,0.787641,0.000522
148,0.144172,0.787550,0.000311
149,0.144020,0.787456,0.000100
150,0.144918,0.787183,0.002000
151,0.144828,0.787320,0.001789
152,0.144687,0.787297,0.001578
153,0.144520,0.787310,0.001367
154,0.144362,0.787251,0.001156
155,0.144179,0.787198,0.000944
156,0.144006,0.787238,0.000733
157,0.143832,0.787000,0.000522
158,0.143658,0.787084,0.000311
159,0.143492,0.786958,0.000100
160,0.144511,0.786982,0.002000
161,0.144452,0.787041,0.001789
162,0.144316,0.786854,0.001578
163,0.144146,0.786869,0.001367
164,0.143972,0.786726,0.001156
165,0.143792,0.786731,0.000944
166,0.143593,0.786730,0.000733
167,0.143408,0.786671,0.000522
168,0.143220,0.786401,0.000311
169,0.143041,0.786565,0.000100
170,0.144198,0.786500,0.002000
171,0.144147,0.786534,0.001789
172,0.143989,0.786473,0.001578
173,0.143822,0.786413,0.001367
174,0.143636,0.786356,0.001156
175,0.143450,0.786371,0.000944
176,0.143248,0.786202,0.000733
177,0.143052,0.785976,0.000522
178,0.142850,0.786056,0.000311
179,0.142667,0.785960,0.000100
180,0.143922,0.786007,0.002000
181,0.143880,0.786260,0.001789
182,0.143729,0.786178,0.001578
183,0.143554,0.786034,0.001367
184,0.143357,0.786059,0.001156
185,0.143157,0.785927,0.000944
186,0.142958,0.785909,0.000733
187,0.142759,0.785647,0.000522
188,0.142549,0.785561,0.000311
189,0.142343,0.785550,0.000100
190,0.143684,0.785805,0.002000
191,0.143637,0.786073,0.001789
192,0.143489,0.785720,0.001578
193,0.143326,0.785735,0.001367
194,0.143133,0.785809,0.001156
195,0.142921,0.785576,0.000944
196,0.142715,0.785342,0.000733
197,0.142505,0.785174,0.000522
198,0.142289,0.785172,0.000311
199,0.142074,0.785113,0.000100
200,0.143499,0.785645,0.002000
